{
	"credit": "Made with Blockbench",
	"texture_size": [128, 128],
	"textures": {
		"0": "customblocks/caise",
		"particle": "customblocks/caise"
	},
	"elements": [
		{
			"from": [1.5, 0, 3.8],
			"to": [14.5, 4, 13.9],
			"faces": {
				"north": {"uv": [4.5, 1.375, 6.25, 2.125], "texture": "#0"},
				"east": {"uv": [3.125, 1.375, 4.5, 2.125], "texture": "#0"},
				"south": {"uv": [1.375, 1.375, 3.125, 2.125], "texture": "#0"},
				"west": {"uv": [0, 1.375, 1.375, 2.125], "texture": "#0"},
				"up": {"uv": [3.125, 1.375, 1.375, 0], "rotation": 180, "texture": "#0"},
				"down": {"uv": [4.875, 0, 3.125, 1.375], "rotation": 180, "texture": "#0"}
			}
		},
		{
			"from": [4, 1.6, 14],
			"to": [12, 2.6, 15],
			"faces": {
				"north": {"uv": [1.25, 3.25, 2.25, 3.5], "texture": "#0"},
				"east": {"uv": [1.125, 3.25, 1.25, 3.5], "texture": "#0"},
				"south": {"uv": [0.125, 3.25, 1.125, 3.5], "texture": "#0"},
				"west": {"uv": [0, 3.25, 0.125, 3.5], "texture": "#0"},
				"up": {"uv": [1.125, 3.25, 0.125, 3.125], "rotation": 180, "texture": "#0"},
				"down": {"uv": [2.125, 3.125, 1.125, 3.25], "rotation": 180, "texture": "#0"}
			}
		},
		{
			"from": [1.5, 4.50535, 4.93756],
			"to": [14.5, 6.50535, 14.93756],
			"rotation": {"angle": 22.5, "axis": "x", "origin": [8, 8, 8]},
			"faces": {
				"north": {"uv": [10.75, 1.375, 12.5, 1.625], "texture": "#0"},
				"east": {"uv": [9.375, 1.375, 10.75, 1.625], "texture": "#0"},
				"south": {"uv": [7.625, 1.375, 9.375, 1.625], "texture": "#0"},
				"west": {"uv": [6.25, 1.375, 7.625, 1.625], "texture": "#0"},
				"up": {"uv": [9.375, 1.375, 7.625, 0], "rotation": 180, "texture": "#0"},
				"down": {"uv": [11.125, 0, 9.375, 1.375], "rotation": 180, "texture": "#0"}
			}
		},
		{
			"from": [1.5, 3.02715, 5.54986],
			"to": [14.5, 5.02715, 10.54986],
			"rotation": {"angle": 22.5, "axis": "x", "origin": [8, 8, 8]},
			"faces": {
				"north": {"uv": [3.25, 2.875, 5, 3.125], "texture": "#0"},
				"east": {"uv": [2.5, 2.875, 3.25, 3.125], "texture": "#0"},
				"south": {"uv": [0.75, 2.875, 2.5, 3.125], "texture": "#0"},
				"west": {"uv": [0, 2.875, 0.75, 3.125], "texture": "#0"},
				"up": {"uv": [2.5, 2.875, 0.75, 2.125], "rotation": 180, "texture": "#0"},
				"down": {"uv": [4.25, 2.125, 2.5, 2.875], "rotation": 180, "texture": "#0"}
			}
		},
		{
			"from": [1.5, 4, 3.8],
			"to": [14.5, 11, 4.8],
			"faces": {
				"north": {"uv": [7, 2.25, 8.75, 3.125], "texture": "#0"},
				"east": {"uv": [6.875, 2.25, 7, 3.125], "texture": "#0"},
				"south": {"uv": [5.125, 2.25, 6.875, 3], "texture": "#0"},
				"west": {"uv": [5, 2.25, 5.125, 3.125], "texture": "#0"},
				"up": {"uv": [6.875, 2.25, 5.125, 2.125], "rotation": 180, "texture": "#0"},
				"down": {"uv": [8.625, 2.125, 6.875, 2.25], "rotation": 180, "texture": "#0"}
			}
		}
    ],
    
    "display":{
        "thirdperson_righthand":{
            "scale":[0.375,0.375,0.375],
            "rotation":[75,-45,0],"translation":[0,2.5,0]
        },
    
        "head":{
            "scale":[1.6,1.61,1.62],
            "translation":[0,-43.25,0.01]},
            "ground":{"scale":[0.25,0.25,0.25],
            "rotation":[0,0,0],
            "translation":[0,3,0]
        },
    
        "fixed":{
            "scale":[0.5,0.5,0.5],
            "rotation":[0,0,0],
            "translation":[0,0,0]
        },
    
        "gui":{
            "scale":[0.625,0.625,0.625],
            "rotation":[30,45,0],
            "translation":[0,0,0]
        },
    
        "firstperson_lefthand":{
            "scale":[0.4,0.4,0.4],
            "rotation":[0,-55,0],
            "translation":[0,0,0]
        },
    
        "firstperson_righthand":{
            "scale":[0.4,0.4,0.4],
            "rotation":[0,-55,0],
            "translation":[0,0,0]
        },
    
        "thirdperson_lefthand":{
            "scale":[0.375,0.375,0.375],
            "rotation":[75,-45,0],
            "translation":[0,2.5,0]
        }
    }
}