{
	"credit": "Made with Blockbench",
	"texture_size": [32, 32],
	"textures": {
		"1": "customblocks/laptop/keybord",
		"2": "customblocks/laptop/screen",
		"particle": "customblocks/laptop/screen"
	},
	"elements": [
		{
			"from": [1, 2.17806, 2.38216],
			"to": [15, 13.17806, 3.38216],
			"rotation": {"angle": -22.5, "axis": "x", "origin": [8, 8, 8]},
			"faces": {
				"north": {"uv": [0, 0, 8, 7.5], "texture": "#2"},
				"east": {"uv": [8, 0.5, 8.5, 8], "texture": "#2"},
				"south": {"uv": [0, 7.5, 8, 15], "texture": "#2"},
				"west": {"uv": [8, 8.5, 8.5, 16], "texture": "#2"},
				"up": {"uv": [16, 8.5, 8, 8], "texture": "#2"},
				"down": {"uv": [16, 0, 8, 0.5], "texture": "#2"}
			}
		},
		{
			"from": [1, 0, 5],
			"to": [15, 1, 16],
			"faces": {
				"north": {"uv": [8, 0.5, 16, 1], "texture": "#1"},
				"east": {"uv": [8, 1, 16, 1.5], "texture": "#1"},
				"south": {"uv": [8, 8, 16, 8.5], "texture": "#1"},
				"west": {"uv": [8, 0, 16, 0.5], "texture": "#1"},
				"up": {"uv": [8, 8, 0, 0], "rotation": 180, "texture": "#1"},
				"down": {"uv": [8, 8, 0, 16], "rotation": 180, "texture": "#1"}
			}
		}
    ],
    
    "display":{
        "thirdperson_righthand":{
            "scale":[0.375,0.375,0.375],
            "rotation":[75,-45,0],"translation":[0,2.5,0]
        },
    
        "head":{
            "scale":[1.6,1.61,1.62],
            "translation":[0,-43.25,0.01]},
            "ground":{"scale":[0.25,0.25,0.25],
            "rotation":[0,0,0],
            "translation":[0,3,0]
        },
    
        "fixed":{
            "scale":[0.5,0.5,0.5],
            "rotation":[0,0,0],
            "translation":[0,0,0]
        },
    
        "gui":{
            "scale":[0.625,0.625,0.625],
            "rotation":[30,45,0],
            "translation":[0,0,0]
        },
    
        "firstperson_lefthand":{
            "scale":[0.4,0.4,0.4],
            "rotation":[0,-55,0],
            "translation":[0,0,0]
        },
    
        "firstperson_righthand":{
            "scale":[0.4,0.4,0.4],
            "rotation":[0,-55,0],
            "translation":[0,0,0]
        },
    
        "thirdperson_lefthand":{
            "scale":[0.375,0.375,0.375],
            "rotation":[75,-45,0],
            "translation":[0,2.5,0]
        }
    }
}