{
	"credit": "Made with Blockbench",
	"textures": {
		"0": "block/oak_planks",
		"1": "block/oak_log",
		"particle": "block/oak_planks"
	},
	"elements": [
		{
			"from": [0, 15, 0],
			"to": [16, 16, 14],
			"rotation": {"angle": 0, "axis": "y", "origin": [8, 23, 8]},
			"faces": {
				"north": {"uv": [0, 14, 16, 15], "texture": "#0"},
				"east": {"uv": [0, 14, 14, 15], "texture": "#0"},
				"south": {"uv": [0, 14, 16, 15], "texture": "#0"},
				"west": {"uv": [0, 14, 14, 15], "texture": "#0"},
				"up": {"uv": [16, 16, 0, 2], "texture": "#0"},
				"down": {"uv": [16, 2, 0, 16], "texture": "#0"}
			}
		},
		{
			"from": [1, 3.5, -8],
			"to": [2, 14.5, -7],
			"rotation": {"angle": 45, "axis": "x", "origin": [9, -3, 1]},
			"faces": {
				"north": {"uv": [12, 4.75, 13, 15.75], "texture": "#1"},
				"east": {"uv": [0, 4.75, 1, 15.75], "texture": "#1"},
				"south": {"uv": [15, 4.75, 16, 15.75], "texture": "#1"},
				"west": {"uv": [4, 4.75, 5, 15.75], "texture": "#1"},
				"up": {"uv": [13, 4, 14, 5], "texture": "#1"},
				"down": {"uv": [14, 0, 15, 1], "texture": "#1"}
			}
		},
		{
			"from": [14, 5, 7.25],
			"to": [15, 6, 18.5],
			"rotation": {"angle": -45, "axis": "x", "origin": [22, -3, 1]},
			"faces": {
				"north": {"uv": [14, 0, 15, 1], "rotation": 180, "texture": "#1"},
				"east": {"uv": [0, 0, 1, 11.25], "rotation": 270, "texture": "#1"},
				"south": {"uv": [13, 4, 14, 5], "texture": "#1"},
				"west": {"uv": [4, 4.75, 5, 16], "rotation": 90, "texture": "#1"},
				"up": {"uv": [11, 4, 12, 15.25], "rotation": 180, "texture": "#1"},
				"down": {"uv": [15, 4.75, 16, 16], "texture": "#1"}
			}
		}
	],

	"display":{
        "thirdperson_righthand":{
            "scale":[0.375,0.375,0.375],
            "rotation":[75,-45,0],"translation":[0,2.5,0]
        },
    
        "head":{
            "scale":[1.6,1.61,1.62],
            "translation":[0,-43.25,0.01]},
            "ground":{"scale":[0.25,0.25,0.25],
            "rotation":[0,0,0],
            "translation":[0,3,0]
        },
    
        "fixed":{
            "scale":[0.5,0.5,0.5],
            "rotation":[0,0,0],
            "translation":[0,0,0]
        },
    
        "gui":{
            "scale":[0.625,0.625,0.625],
            "rotation":[30,45,0],
            "translation":[0,0,0]
        },
    
        "firstperson_lefthand":{
            "scale":[0.4,0.4,0.4],
            "rotation":[0,-55,0],
            "translation":[0,0,0]
        },
    
        "firstperson_righthand":{
            "scale":[0.4,0.4,0.4],
            "rotation":[0,-55,0],
            "translation":[0,0,0]
        },
    
        "thirdperson_lefthand":{
            "scale":[0.375,0.375,0.375],
            "rotation":[75,-45,0],
            "translation":[0,2.5,0]
        }
    }
}