{
	"credit": "Made with Blockbench",
	"textures": {
		"0": "block/oak_planks",
		"1": "block/oak_log",
		"particle": "block/oak_planks"
	},
	"elements": [
		{
			"from": [1, 0, 1],
			"to": [3, 14, 3],
			"faces": {
				"north": {"uv": [14, 2, 16, 16], "texture": "#1"},
				"east": {"uv": [14, 2, 16, 16], "texture": "#1"},
				"south": {"uv": [0, 2, 2, 16], "texture": "#1"},
				"west": {"uv": [0, 2, 2, 16], "texture": "#1"},
				"up": {"uv": [0, 0, 2, 2], "texture": "#1"},
				"down": {"uv": [0, 0, 2, 2], "texture": "#1"}
			}
		},
		{
			"from": [13, 0, 1],
			"to": [15, 14, 3],
			"faces": {
				"north": {"uv": [0, 2, 2, 16], "texture": "#1"},
				"east": {"uv": [14, 2, 16, 16], "texture": "#1"},
				"south": {"uv": [14, 2, 16, 16], "texture": "#1"},
				"west": {"uv": [0, 2, 2, 16], "texture": "#1"},
				"up": {"uv": [0, 0, 2, 2], "texture": "#1"},
				"down": {"uv": [0, 0, 2, 2], "texture": "#1"}
			}
		},
		{
			"from": [13, 0, 13],
			"to": [15, 14, 15],
			"faces": {
				"north": {"uv": [0, 2, 2, 16], "texture": "#1"},
				"east": {"uv": [0, 2, 2, 16], "texture": "#1"},
				"south": {"uv": [14, 2, 16, 16], "texture": "#1"},
				"west": {"uv": [14, 2, 16, 16], "texture": "#1"},
				"up": {"uv": [0, 0, 2, 2], "texture": "#1"},
				"down": {"uv": [0, 0, 2, 2], "texture": "#1"}
			}
		},
		{
			"from": [1, 0, 13],
			"to": [3, 14, 15],
			"faces": {
				"north": {"uv": [14, 2, 16, 16], "texture": "#1"},
				"east": {"uv": [0, 2, 2, 16], "texture": "#1"},
				"south": {"uv": [0, 2, 2, 16], "texture": "#1"},
				"west": {"uv": [14, 2, 16, 16], "texture": "#1"},
				"up": {"uv": [0, 0, 2, 2], "texture": "#1"},
				"down": {"uv": [0, 0, 2, 2], "texture": "#1"}
			}
		},
		{
			"from": [0, 14, 0],
			"to": [16, 16, 16],
			"faces": {
				"north": {"uv": [0, 0, 16, 2], "texture": "#0"},
				"east": {"uv": [0, 0, 16, 2], "texture": "#0"},
				"south": {"uv": [0, 0, 16, 2], "texture": "#0"},
				"west": {"uv": [0, 0, 16, 2], "texture": "#0"},
				"up": {"uv": [0, 0, 16, 16], "texture": "#0"},
				"down": {"uv": [0, 0, 16, 16], "texture": "#0"}
			}
		}
    ],
    
    "display":{
        "thirdperson_righthand":{
            "scale":[0.375,0.375,0.375],
            "rotation":[75,-45,0],"translation":[0,2.5,0]
        },
    
        "head":{
            "scale":[1.6,1.61,1.62],
            "translation":[0,-43.25,0.01]},
            "ground":{"scale":[0.25,0.25,0.25],
            "rotation":[0,0,0],
            "translation":[0,3,0]
        },
    
        "fixed":{
            "scale":[0.5,0.5,0.5],
            "rotation":[0,0,0],
            "translation":[0,0,0]
        },
    
        "gui":{
            "scale":[0.625,0.625,0.625],
            "rotation":[30,45,0],
            "translation":[0,0,0]
        },
    
        "firstperson_lefthand":{
            "scale":[0.4,0.4,0.4],
            "rotation":[0,-55,0],
            "translation":[0,0,0]
        },
    
        "firstperson_righthand":{
            "scale":[0.4,0.4,0.4],
            "rotation":[0,-55,0],
            "translation":[0,0,0]
        },
    
        "thirdperson_lefthand":{
            "scale":[0.375,0.375,0.375],
            "rotation":[75,-45,0],
            "translation":[0,2.5,0]
        }
    }
}