{
	"credit": "Made with Blockbench",
	"texture_size": [32, 32],
	"textures": {
		"0": "customblocks/tv/Television",
		"1": "customblocks/tv/screen",
		"particle": "customblocks/tv/Television"
	},
	"elements": [
		{
			"from": [1, 0, 11],
			"to": [15, 1, 15],
			"faces": {
				"north": {"uv": [8, 4.25, 11.5, 4.5], "texture": "#0"},
				"east": {"uv": [6, 5.75, 7, 6], "texture": "#0"},
				"south": {"uv": [8, 4, 11.5, 4.25], "texture": "#0"},
				"west": {"uv": [6, 5.5, 7, 5.75], "texture": "#0"},
				"up": {"uv": [9, 5.5, 5.5, 4.5], "rotation": 180, "texture": "#0"},
				"down": {"uv": [5.5, 7.5, 2, 8.5], "rotation": 180, "texture": "#0"}
			}
		},
		{
			"from": [1, 11, 11],
			"to": [15, 12, 15],
			"faces": {
				"north": {"uv": [9, 1, 12.5, 1.25], "texture": "#0"},
				"east": {"uv": [7, 5.75, 8, 6], "texture": "#0"},
				"south": {"uv": [7, 9, 10.5, 9.25], "texture": "#0"},
				"west": {"uv": [7, 5.5, 8, 5.75], "texture": "#0"},
				"up": {"uv": [11.5, 9, 8, 8], "rotation": 180, "texture": "#0"},
				"down": {"uv": [11.5, 0, 8, 1], "rotation": 180, "texture": "#0"}
			}
		},
		{
			"from": [13, 1, 11],
			"to": [15, 11, 15],
			"faces": {
				"north": {"uv": [4, 8.5, 4.5, 11], "texture": "#0"},
				"east": {"uv": [8, 5.5, 9, 8], "texture": "#0"},
				"south": {"uv": [5.5, 7.5, 6, 10], "texture": "#0"},
				"west": {"uv": [8, 1, 9, 3.5], "texture": "#0"},
				"up": {"uv": [9.5, 2.75, 9, 1.75], "rotation": 180, "texture": "#0"},
				"down": {"uv": [9.5, 7, 9, 8], "rotation": 180, "texture": "#0"}
			}
		},
		{
			"from": [1, 1, 11],
			"to": [3, 11, 15],
			"faces": {
				"north": {"uv": [5, 8.5, 5.5, 11], "texture": "#0"},
				"east": {"uv": [3, 8.5, 4, 11], "texture": "#0"},
				"south": {"uv": [4.5, 8.5, 5, 11], "texture": "#0"},
				"west": {"uv": [2, 8.5, 3, 11], "texture": "#0"},
				"up": {"uv": [7.75, 10.25, 7.25, 9.25], "rotation": 180, "texture": "#0"},
				"down": {"uv": [8.25, 9.25, 7.75, 10.25], "rotation": 180, "texture": "#0"}
			}
		},
		{
			"from": [3, 1, 13],
			"to": [13, 11, 14],
			"faces": {
				"north": {"uv": [0, 5, 5, 10], "texture": "#1"},
				"east": {"uv": [5, 0, 5.5, 5], "texture": "#1"},
				"south": {"uv": [0, 0, 16, 16], "texture": "#1"},
				"west": {"uv": [5, 5, 5.5, 10], "texture": "#1"},
				"up": {"uv": [10.5, 6, 5.5, 5.5], "rotation": 180, "texture": "#1"},
				"down": {"uv": [10.5, 0, 5.5, 0.5], "rotation": 180, "texture": "#1"}
			}
		},
		{
			"from": [2, 0, 3],
			"to": [14, 11, 11],
			"faces": {
				"north": {"uv": [0, 2.75, 3, 5.5], "texture": "#0"},
				"east": {"uv": [0, 7.5, 2, 10.25], "texture": "#0"},
				"south": {"uv": [0, 0, 3, 2.75], "texture": "#0"},
				"west": {"uv": [6, 6, 8, 8.75], "texture": "#0"},
				"up": {"uv": [3, 7.5, 0, 5.5], "rotation": 180, "texture": "#0"},
				"down": {"uv": [6, 5.5, 3, 7.5], "rotation": 180, "texture": "#0"}
			}
		},
		{
			"from": [3, 1, 1],
			"to": [13, 10, 3],
			"faces": {
				"north": {"uv": [5.5, 2.25, 8, 4.5], "texture": "#0"},
				"east": {"uv": [6.5, 8.75, 7, 11], "texture": "#0"},
				"south": {"uv": [5.5, 0, 8, 2.25], "texture": "#0"},
				"west": {"uv": [6, 8.75, 6.5, 11], "texture": "#0"},
				"up": {"uv": [5.5, 3, 3, 2.5], "rotation": 180, "texture": "#0"},
				"down": {"uv": [10.5, 3.5, 8, 4], "rotation": 180, "texture": "#0"}
			}
		}
    ],
    
    "display":{
        "thirdperson_righthand":{
            "scale":[0.375,0.375,0.375],
            "rotation":[75,-45,0],"translation":[0,2.5,0]
        },
    
        "head":{
            "scale":[1.6,1.61,1.62],
            "translation":[0,-43.25,0.01]},
            "ground":{"scale":[0.25,0.25,0.25],
            "rotation":[0,0,0],
            "translation":[0,3,0]
        },
    
        "fixed":{
            "scale":[0.5,0.5,0.5],
            "rotation":[0,0,0],
            "translation":[0,0,0]
        },
    
        "gui":{
            "scale":[0.625,0.625,0.625],
            "rotation":[30,45,0],
            "translation":[0,0,0]
        },
    
        "firstperson_lefthand":{
            "scale":[0.4,0.4,0.4],
            "rotation":[0,-55,0],
            "translation":[0,0,0]
        },
    
        "firstperson_righthand":{
            "scale":[0.4,0.4,0.4],
            "rotation":[0,-55,0],
            "translation":[0,0,0]
        },
    
        "thirdperson_lefthand":{
            "scale":[0.375,0.375,0.375],
            "rotation":[75,-45,0],
            "translation":[0,2.5,0]
        }
    }
}