{
    "pools": [
        {
            "rolls": 1,
            "entries": 
			[
				{"type": "item","weight": 75,"name": "music_disc_13","functions": [{"function": "set_count","count": {"min": 1,"max": 1}},{"function": "set_nbt","tag": "{Tags:[spawning,lib,zero]}"}]},
                {"type": "item","weight": 25,"name": "music_disc_13","functions": [{"function": "set_count","count": {"min": 1,"max": 1}},{"function": "set_nbt","tag": "{Tags:[spawning,lib,one]}"}]}
            ]
        }
    ]
}