{
    "pools": [
        {
            "rolls": 1,
            "entries": 
			[
				{"type": "item","weight": 15,"name": "music_disc_13","functions": [{"function": "set_count","count": {"min": 1,"max": 1}},{"function": "set_nbt","tag": "{Tags:[rng,rng_five,lib,zero]}"}]},
                {"type": "item","weight": 10,"name": "music_disc_13","functions": [{"function": "set_count","count": {"min": 1,"max": 1}},{"function": "set_nbt","tag": "{Tags:[rng,rng_five,lib,one]}"}]},
                {"type": "item","weight": 5,"name": "music_disc_13","functions": [{"function": "set_count","count": {"min": 1,"max": 1}},{"function": "set_nbt","tag": "{Tags:[rng,rng_five,lib,two]}"}]},
                {"type": "item","weight": 3,"name": "music_disc_13","functions": [{"function": "set_count","count": {"min": 1,"max": 1}},{"function": "set_nbt","tag": "{Tags:[rng,rng_five,lib,three]}"}]},
                {"type": "item","weight": 1,"name": "music_disc_13","functions": [{"function": "set_count","count": {"min": 1,"max": 1}},{"function": "set_nbt","tag": "{Tags:[rng,rng_five,lib,five]}"}]}
            ]
        }
    ]
}