{
    "pools": [
        {
            "rolls": 1,
            "entries": 
			[
                {"type": "item","weight": 1,"name": "minecraft:acacia_boat","functions": [{"function": "set_count","count": {"min": 1,"max": 1}}]},
                {"type": "item","weight": 1,"name": "minecraft:apple","functions": [{"function": "set_count","count": {"min": 1,"max": 1}}]},
                {"type": "item","weight": 1,"name": "minecraft:armor_stand","functions": [{"function": "set_count","count": {"min": 1,"max": 1}}]},
                {"type": "item","weight": 1,"name": "minecraft:arrow","functions": [{"function": "set_count","count": {"min": 1,"max": 1}}]},
                {"type": "item","weight": 1,"name": "minecraft:baked_potato","functions": [{"function": "set_count","count": {"min": 1,"max": 1}}]},
                {"type": "item","weight": 1,"name": "minecraft:bat_spawn_egg","functions": [{"function": "set_count","count": {"min": 1,"max": 1}}]},
                {"type": "item","weight": 1,"name": "minecraft:beef","functions": [{"function": "set_count","count": {"min": 1,"max": 1}}]},
                {"type": "item","weight": 1,"name": "minecraft:beetroot","functions": [{"function": "set_count","count": {"min": 1,"max": 1}}]},
                {"type": "item","weight": 1,"name": "minecraft:beetroot_seeds","functions": [{"function": "set_count","count": {"min": 1,"max": 1}}]},
                {"type": "item","weight": 1,"name": "minecraft:beetroot_soup","functions": [{"function": "set_count","count": {"min": 1,"max": 1}}]},
                {"type": "item","weight": 1,"name": "minecraft:birch_boat","functions": [{"function": "set_count","count": {"min": 1,"max": 1}}]},
                {"type": "item","weight": 1,"name": "minecraft:black_bed","functions": [{"function": "set_count","count": {"min": 1,"max": 1}}]},
                {"type": "item","weight": 1,"name": "minecraft:black_dye","functions": [{"function": "set_count","count": {"min": 1,"max": 1}}]},
                {"type": "item","weight": 1,"name": "minecraft:blaze_rod","functions": [{"function": "set_count","count": {"min": 1,"max": 1}}]},
                {"type": "item","weight": 1,"name": "minecraft:blaze_spawn_egg","functions": [{"function": "set_count","count": {"min": 1,"max": 1}}]},
                {"type": "item","weight": 1,"name": "minecraft:blue_bed","functions": [{"function": "set_count","count": {"min": 1,"max": 1}}]},
                {"type": "item","weight": 1,"name": "minecraft:bone","functions": [{"function": "set_count","count": {"min": 1,"max": 1}}]},
                {"type": "item","weight": 1,"name": "minecraft:bone_block","functions": [{"function": "set_count","count": {"min": 1,"max": 1}}]},
                {"type": "item","weight": 1,"name": "minecraft:book","functions": [{"function": "set_count","count": {"min": 1,"max": 1}}]},
                {"type": "item","weight": 1,"name": "minecraft:bow","functions": [{"function": "set_count","count": {"min": 1,"max": 1}}]},
                {"type": "item","weight": 1,"name": "minecraft:bowl","functions": [{"function": "set_count","count": {"min": 1,"max": 1}}]},
                {"type": "item","weight": 1,"name": "minecraft:bread","functions": [{"function": "set_count","count": {"min": 1,"max": 1}}]},
                {"type": "item","weight": 1,"name": "minecraft:brick","functions": [{"function": "set_count","count": {"min": 1,"max": 1}}]},
                {"type": "item","weight": 1,"name": "minecraft:brown_bed","functions": [{"function": "set_count","count": {"min": 1,"max": 1}}]},
                {"type": "item","weight": 1,"name": "minecraft:bucket","functions": [{"function": "set_count","count": {"min": 1,"max": 1}}]},
                {"type": "item","weight": 1,"name": "minecraft:cake","functions": [{"function": "set_count","count": {"min": 1,"max": 1}}]},
                {"type": "item","weight": 1,"name": "minecraft:carrot","functions": [{"function": "set_count","count": {"min": 1,"max": 1}}]},
                {"type": "item","weight": 1,"name": "minecraft:carrot_on_a_stick","functions": [{"function": "set_count","count": {"min": 1,"max": 1}}]},
                {"type": "item","weight": 1,"name": "minecraft:cat_spawn_egg","functions": [{"function": "set_count","count": {"min": 1,"max": 1}}]},
                {"type": "item","weight": 1,"name": "minecraft:cave_spider_spawn_egg","functions": [{"function": "set_count","count": {"min": 1,"max": 1}}]},
                {"type": "item","weight": 1,"name": "minecraft:chainmail_boots","functions": [{"function": "set_count","count": {"min": 1,"max": 1}}]},
                {"type": "item","weight": 1,"name": "minecraft:chainmail_chestplate","functions": [{"function": "set_count","count": {"min": 1,"max": 1}}]},
                {"type": "item","weight": 1,"name": "minecraft:chainmail_helmet","functions": [{"function": "set_count","count": {"min": 1,"max": 1}}]},
                {"type": "item","weight": 1,"name": "minecraft:chainmail_leggings","functions": [{"function": "set_count","count": {"min": 1,"max": 1}}]},
                {"type": "item","weight": 1,"name": "minecraft:charcoal","functions": [{"function": "set_count","count": {"min": 1,"max": 1}}]},
                {"type": "item","weight": 1,"name": "minecraft:chest_minecart","functions": [{"function": "set_count","count": {"min": 1,"max": 1}}]},
                {"type": "item","weight": 1,"name": "minecraft:chicken","functions": [{"function": "set_count","count": {"min": 1,"max": 1}}]},
                {"type": "item","weight": 1,"name": "minecraft:chicken_spawn_egg","functions": [{"function": "set_count","count": {"min": 1,"max": 1}}]},
                {"type": "item","weight": 1,"name": "minecraft:chorus_fruit","functions": [{"function": "set_count","count": {"min": 1,"max": 1}}]},
                {"type": "item","weight": 1,"name": "minecraft:clay_ball","functions": [{"function": "set_count","count": {"min": 1,"max": 1}}]},
                {"type": "item","weight": 1,"name": "minecraft:clock","functions": [{"function": "set_count","count": {"min": 1,"max": 1}}]},
                {"type": "item","weight": 1,"name": "minecraft:coal","functions": [{"function": "set_count","count": {"min": 1,"max": 1}}]},
                {"type": "item","weight": 1,"name": "minecraft:cocoa_beans","functions": [{"function": "set_count","count": {"min": 1,"max": 1}}]},
                {"type": "item","weight": 1,"name": "minecraft:cod","functions": [{"function": "set_count","count": {"min": 1,"max": 1}}]},
                {"type": "item","weight": 1,"name": "minecraft:cod_bucket","functions": [{"function": "set_count","count": {"min": 1,"max": 1}}]},
                {"type": "item","weight": 1,"name": "minecraft:cod_spawn_egg","functions": [{"function": "set_count","count": {"min": 1,"max": 1}}]},
                {"type": "item","weight": 1,"name": "minecraft:command_block_minecart","functions": [{"function": "set_count","count": {"min": 1,"max": 1}}]},
                {"type": "item","weight": 1,"name": "minecraft:comparator","functions": [{"function": "set_count","count": {"min": 1,"max": 1}}]},
                {"type": "item","weight": 1,"name": "minecraft:compass","functions": [{"function": "set_count","count": {"min": 1,"max": 1}}]},
                {"type": "item","weight": 1,"name": "minecraft:cooked_beef","functions": [{"function": "set_count","count": {"min": 1,"max": 1}}]},
                {"type": "item","weight": 1,"name": "minecraft:cooked_chicken","functions": [{"function": "set_count","count": {"min": 1,"max": 1}}]},
                {"type": "item","weight": 1,"name": "minecraft:cooked_cod","functions": [{"function": "set_count","count": {"min": 1,"max": 1}}]},
                {"type": "item","weight": 1,"name": "minecraft:cooked_mutton","functions": [{"function": "set_count","count": {"min": 1,"max": 1}}]},
                {"type": "item","weight": 1,"name": "minecraft:cooked_porkchop","functions": [{"function": "set_count","count": {"min": 1,"max": 1}}]},
                {"type": "item","weight": 1,"name": "minecraft:cooked_rabbit","functions": [{"function": "set_count","count": {"min": 1,"max": 1}}]},
                {"type": "item","weight": 1,"name": "minecraft:cooked_salmon","functions": [{"function": "set_count","count": {"min": 1,"max": 1}}]},
                {"type": "item","weight": 1,"name": "minecraft:cookie","functions": [{"function": "set_count","count": {"min": 1,"max": 1}}]},
                {"type": "item","weight": 1,"name": "minecraft:cow_spawn_egg","functions": [{"function": "set_count","count": {"min": 1,"max": 1}}]},
                {"type": "item","weight": 1,"name": "minecraft:creeper_banner_pattern","functions": [{"function": "set_count","count": {"min": 1,"max": 1}}]},
                {"type": "item","weight": 1,"name": "minecraft:creeper_head","functions": [{"function": "set_count","count": {"min": 1,"max": 1}}]},
                {"type": "item","weight": 1,"name": "minecraft:creeper_spawn_egg","functions": [{"function": "set_count","count": {"min": 1,"max": 1}}]},
                {"type": "item","weight": 1,"name": "minecraft:crossbow","functions": [{"function": "set_count","count": {"min": 1,"max": 1}}]},
                {"type": "item","weight": 1,"name": "minecraft:cyan_bed","functions": [{"function": "set_count","count": {"min": 1,"max": 1}}]},
                {"type": "item","weight": 1,"name": "minecraft:cyan_dye","functions": [{"function": "set_count","count": {"min": 1,"max": 1}}]},
                {"type": "item","weight": 1,"name": "minecraft:dark_oak_boat","functions": [{"function": "set_count","count": {"min": 1,"max": 1}}]},
                {"type": "item","weight": 1,"name": "minecraft:diamond","functions": [{"function": "set_count","count": {"min": 1,"max": 1}}]},
                {"type": "item","weight": 1,"name": "minecraft:diamond_axe","functions": [{"function": "set_count","count": {"min": 1,"max": 1}}]},
                {"type": "item","weight": 1,"name": "minecraft:diamond_boots","functions": [{"function": "set_count","count": {"min": 1,"max": 1}}]},
                {"type": "item","weight": 1,"name": "minecraft:diamond_chestplate","functions": [{"function": "set_count","count": {"min": 1,"max": 1}}]},
                {"type": "item","weight": 1,"name": "minecraft:diamond_helmet","functions": [{"function": "set_count","count": {"min": 1,"max": 1}}]},
                {"type": "item","weight": 1,"name": "minecraft:diamond_hoe","functions": [{"function": "set_count","count": {"min": 1,"max": 1}}]},
                {"type": "item","weight": 1,"name": "minecraft:diamond_horse_armor","functions": [{"function": "set_count","count": {"min": 1,"max": 1}}]},
                {"type": "item","weight": 1,"name": "minecraft:diamond_leggings","functions": [{"function": "set_count","count": {"min": 1,"max": 1}}]},
                {"type": "item","weight": 1,"name": "minecraft:diamond_ore","functions": [{"function": "set_count","count": {"min": 1,"max": 1}}]},
                {"type": "item","weight": 1,"name": "minecraft:diamond_pickaxe","functions": [{"function": "set_count","count": {"min": 1,"max": 1}}]},
                {"type": "item","weight": 1,"name": "minecraft:diamond_shovel","functions": [{"function": "set_count","count": {"min": 1,"max": 1}}]},
                {"type": "item","weight": 1,"name": "minecraft:diamond_sword","functions": [{"function": "set_count","count": {"min": 1,"max": 1}}]},
                {"type": "item","weight": 1,"name": "minecraft:dolphin_spawn_egg","functions": [{"function": "set_count","count": {"min": 1,"max": 1}}]},
                {"type": "item","weight": 1,"name": "minecraft:donkey_spawn_egg","functions": [{"function": "set_count","count": {"min": 1,"max": 1}}]},
                {"type": "item","weight": 1,"name": "minecraft:dragon_breath","functions": [{"function": "set_count","count": {"min": 1,"max": 1}}]},
                {"type": "item","weight": 1,"name": "minecraft:dried_kelp","functions": [{"function": "set_count","count": {"min": 1,"max": 1}}]},
                {"type": "item","weight": 1,"name": "minecraft:drowned_spawn_egg","functions": [{"function": "set_count","count": {"min": 1,"max": 1}}]},
                {"type": "item","weight": 1,"name": "minecraft:egg","functions": [{"function": "set_count","count": {"min": 1,"max": 1}}]},
                {"type": "item","weight": 1,"name": "minecraft:elder_guardian_spawn_egg","functions": [{"function": "set_count","count": {"min": 1,"max": 1}}]},
                {"type": "item","weight": 1,"name": "minecraft:elytra","functions": [{"function": "set_count","count": {"min": 1,"max": 1}}]},
                {"type": "item","weight": 1,"name": "minecraft:emerald","functions": [{"function": "set_count","count": {"min": 1,"max": 1}}]},
                {"type": "item","weight": 1,"name": "minecraft:enchanted_book","functions": [{"function": "set_count","count": {"min": 1,"max": 1}}]},
                {"type": "item","weight": 1,"name": "minecraft:enchanted_golden_apple","functions": [{"function": "set_count","count": {"min": 1,"max": 1}}]},
                {"type": "item","weight": 1,"name": "minecraft:enchanting_table","functions": [{"function": "set_count","count": {"min": 1,"max": 1}}]},
                {"type": "item","weight": 1,"name": "minecraft:end_crystal","functions": [{"function": "set_count","count": {"min": 1,"max": 1}}]},
                {"type": "item","weight": 1,"name": "minecraft:ender_eye","functions": [{"function": "set_count","count": {"min": 1,"max": 1}}]},
                {"type": "item","weight": 1,"name": "minecraft:ender_pearl","functions": [{"function": "set_count","count": {"min": 1,"max": 1}}]},
                {"type": "item","weight": 1,"name": "minecraft:enderman_spawn_egg","functions": [{"function": "set_count","count": {"min": 1,"max": 1}}]},
                {"type": "item","weight": 1,"name": "minecraft:endermite_spawn_egg","functions": [{"function": "set_count","count": {"min": 1,"max": 1}}]},
                {"type": "item","weight": 1,"name": "minecraft:evoker_spawn_egg","functions": [{"function": "set_count","count": {"min": 1,"max": 1}}]},
                {"type": "item","weight": 1,"name": "minecraft:experience_bottle","functions": [{"function": "set_count","count": {"min": 1,"max": 1}}]},
                {"type": "item","weight": 1,"name": "minecraft:feather","functions": [{"function": "set_count","count": {"min": 1,"max": 1}}]},
                {"type": "item","weight": 1,"name": "minecraft:fermented_spider_eye","functions": [{"function": "set_count","count": {"min": 1,"max": 1}}]},
                {"type": "item","weight": 1,"name": "minecraft:filled_map","functions": [{"function": "set_count","count": {"min": 1,"max": 1}}]},
                {"type": "item","weight": 1,"name": "minecraft:fire_charge","functions": [{"function": "set_count","count": {"min": 1,"max": 1}}]},
                {"type": "item","weight": 1,"name": "minecraft:firework_rocket","functions": [{"function": "set_count","count": {"min": 1,"max": 1}}]},
                {"type": "item","weight": 1,"name": "minecraft:firework_star","functions": [{"function": "set_count","count": {"min": 1,"max": 1}}]},
                {"type": "item","weight": 1,"name": "minecraft:fishing_rod","functions": [{"function": "set_count","count": {"min": 1,"max": 1}}]},
                {"type": "item","weight": 1,"name": "minecraft:flint","functions": [{"function": "set_count","count": {"min": 1,"max": 1}}]},
                {"type": "item","weight": 1,"name": "minecraft:flint_and_steel","functions": [{"function": "set_count","count": {"min": 1,"max": 1}}]},
                {"type": "item","weight": 1,"name": "minecraft:flower_banner_pattern","functions": [{"function": "set_count","count": {"min": 1,"max": 1}}]},
                {"type": "item","weight": 1,"name": "minecraft:fox_spawn_egg","functions": [{"function": "set_count","count": {"min": 1,"max": 1}}]},
                {"type": "item","weight": 1,"name": "minecraft:furnace_minecart","functions": [{"function": "set_count","count": {"min": 1,"max": 1}}]},
                {"type": "item","weight": 1,"name": "minecraft:ghast_spawn_egg","functions": [{"function": "set_count","count": {"min": 1,"max": 1}}]},
                {"type": "item","weight": 1,"name": "minecraft:ghast_tear","functions": [{"function": "set_count","count": {"min": 1,"max": 1}}]},
                {"type": "item","weight": 1,"name": "minecraft:glass_bottle","functions": [{"function": "set_count","count": {"min": 1,"max": 1}}]},
                {"type": "item","weight": 1,"name": "minecraft:glass_pane","functions": [{"function": "set_count","count": {"min": 1,"max": 1}}]},
                {"type": "item","weight": 1,"name": "minecraft:glistering_melon_slice","functions": [{"function": "set_count","count": {"min": 1,"max": 1}}]},
                {"type": "item","weight": 1,"name": "minecraft:globe_banner_pattern","functions": [{"function": "set_count","count": {"min": 1,"max": 1}}]},
                {"type": "item","weight": 1,"name": "minecraft:glowstone_dust","functions": [{"function": "set_count","count": {"min": 1,"max": 1}}]},
                {"type": "item","weight": 1,"name": "minecraft:gold_ingot","functions": [{"function": "set_count","count": {"min": 1,"max": 1}}]},
                {"type": "item","weight": 1,"name": "minecraft:gold_nugget","functions": [{"function": "set_count","count": {"min": 1,"max": 1}}]},
                {"type": "item","weight": 1,"name": "minecraft:golden_apple","functions": [{"function": "set_count","count": {"min": 1,"max": 1}}]},
                {"type": "item","weight": 1,"name": "minecraft:golden_axe","functions": [{"function": "set_count","count": {"min": 1,"max": 1}}]},
                {"type": "item","weight": 1,"name": "minecraft:golden_boots","functions": [{"function": "set_count","count": {"min": 1,"max": 1}}]},
                {"type": "item","weight": 1,"name": "minecraft:golden_carrot","functions": [{"function": "set_count","count": {"min": 1,"max": 1}}]},
                {"type": "item","weight": 1,"name": "minecraft:golden_chestplate","functions": [{"function": "set_count","count": {"min": 1,"max": 1}}]},
                {"type": "item","weight": 1,"name": "minecraft:golden_helmet","functions": [{"function": "set_count","count": {"min": 1,"max": 1}}]},
                {"type": "item","weight": 1,"name": "minecraft:golden_hoe","functions": [{"function": "set_count","count": {"min": 1,"max": 1}}]},
                {"type": "item","weight": 1,"name": "minecraft:golden_horse_armor","functions": [{"function": "set_count","count": {"min": 1,"max": 1}}]},
                {"type": "item","weight": 1,"name": "minecraft:golden_leggings","functions": [{"function": "set_count","count": {"min": 1,"max": 1}}]},
                {"type": "item","weight": 1,"name": "minecraft:golden_pickaxe","functions": [{"function": "set_count","count": {"min": 1,"max": 1}}]},
                {"type": "item","weight": 1,"name": "minecraft:golden_shovel","functions": [{"function": "set_count","count": {"min": 1,"max": 1}}]},
                {"type": "item","weight": 1,"name": "minecraft:golden_sword","functions": [{"function": "set_count","count": {"min": 1,"max": 1}}]},
                {"type": "item","weight": 1,"name": "minecraft:gray_bed","functions": [{"function": "set_count","count": {"min": 1,"max": 1}}]},
                {"type": "item","weight": 1,"name": "minecraft:gray_dye","functions": [{"function": "set_count","count": {"min": 1,"max": 1}}]},
                {"type": "item","weight": 1,"name": "minecraft:green_bed","functions": [{"function": "set_count","count": {"min": 1,"max": 1}}]},
                {"type": "item","weight": 1,"name": "minecraft:green_dye","functions": [{"function": "set_count","count": {"min": 1,"max": 1}}]},
                {"type": "item","weight": 1,"name": "minecraft:guardian_spawn_egg","functions": [{"function": "set_count","count": {"min": 1,"max": 1}}]},
                {"type": "item","weight": 1,"name": "minecraft:gunpowder","functions": [{"function": "set_count","count": {"min": 1,"max": 1}}]},
                {"type": "item","weight": 1,"name": "minecraft:heart_of_the_sea","functions": [{"function": "set_count","count": {"min": 1,"max": 1}}]},
                {"type": "item","weight": 1,"name": "minecraft:hopper_minecart","functions": [{"function": "set_count","count": {"min": 1,"max": 1}}]},
                {"type": "item","weight": 1,"name": "minecraft:horse_spawn_egg","functions": [{"function": "set_count","count": {"min": 1,"max": 1}}]},
                {"type": "item","weight": 1,"name": "minecraft:husk_spawn_egg","functions": [{"function": "set_count","count": {"min": 1,"max": 1}}]},
                {"type": "item","weight": 1,"name": "minecraft:ink_sac","functions": [{"function": "set_count","count": {"min": 1,"max": 1}}]},
                {"type": "item","weight": 1,"name": "minecraft:iron_axe","functions": [{"function": "set_count","count": {"min": 1,"max": 1}}]},
                {"type": "item","weight": 1,"name": "minecraft:iron_bars","functions": [{"function": "set_count","count": {"min": 1,"max": 1}}]},
                {"type": "item","weight": 1,"name": "minecraft:iron_boots","functions": [{"function": "set_count","count": {"min": 1,"max": 1}}]},
                {"type": "item","weight": 1,"name": "minecraft:iron_chestplate","functions": [{"function": "set_count","count": {"min": 1,"max": 1}}]},
                {"type": "item","weight": 1,"name": "minecraft:iron_helmet","functions": [{"function": "set_count","count": {"min": 1,"max": 1}}]},
                {"type": "item","weight": 1,"name": "minecraft:iron_hoe","functions": [{"function": "set_count","count": {"min": 1,"max": 1}}]},
                {"type": "item","weight": 1,"name": "minecraft:iron_horse_armor","functions": [{"function": "set_count","count": {"min": 1,"max": 1}}]},
                {"type": "item","weight": 1,"name": "minecraft:iron_ingot","functions": [{"function": "set_count","count": {"min": 1,"max": 1}}]},
                {"type": "item","weight": 1,"name": "minecraft:iron_leggings","functions": [{"function": "set_count","count": {"min": 1,"max": 1}}]},
                {"type": "item","weight": 1,"name": "minecraft:iron_nugget","functions": [{"function": "set_count","count": {"min": 1,"max": 1}}]},
                {"type": "item","weight": 1,"name": "minecraft:iron_pickaxe","functions": [{"function": "set_count","count": {"min": 1,"max": 1}}]},
                {"type": "item","weight": 1,"name": "minecraft:iron_shovel","functions": [{"function": "set_count","count": {"min": 1,"max": 1}}]},
                {"type": "item","weight": 1,"name": "minecraft:iron_sword","functions": [{"function": "set_count","count": {"min": 1,"max": 1}}]},
                {"type": "item","weight": 1,"name": "minecraft:iron_trapdoor","functions": [{"function": "set_count","count": {"min": 1,"max": 1}}]},
                {"type": "item","weight": 1,"name": "minecraft:item_frame","functions": [{"function": "set_count","count": {"min": 1,"max": 1}}]},
                {"type": "item","weight": 1,"name": "minecraft:jungle_boat","functions": [{"function": "set_count","count": {"min": 1,"max": 1}}]},
                {"type": "item","weight": 1,"name": "minecraft:lapis_lazuli","functions": [{"function": "set_count","count": {"min": 1,"max": 1}}]},
                {"type": "item","weight": 1,"name": "minecraft:lava_bucket","functions": [{"function": "set_count","count": {"min": 1,"max": 1}}]},
                {"type": "item","weight": 1,"name": "minecraft:lead","functions": [{"function": "set_count","count": {"min": 1,"max": 1}}]},
                {"type": "item","weight": 1,"name": "minecraft:leather","functions": [{"function": "set_count","count": {"min": 1,"max": 1}}]},
                {"type": "item","weight": 1,"name": "minecraft:leather_boots","functions": [{"function": "set_count","count": {"min": 1,"max": 1}}]},
                {"type": "item","weight": 1,"name": "minecraft:leather_chestplate","functions": [{"function": "set_count","count": {"min": 1,"max": 1}}]},
                {"type": "item","weight": 1,"name": "minecraft:leather_helmet","functions": [{"function": "set_count","count": {"min": 1,"max": 1}}]},
                {"type": "item","weight": 1,"name": "minecraft:leather_horse_armor","functions": [{"function": "set_count","count": {"min": 1,"max": 1}}]},
                {"type": "item","weight": 1,"name": "minecraft:leather_leggings","functions": [{"function": "set_count","count": {"min": 1,"max": 1}}]},
                {"type": "item","weight": 1,"name": "minecraft:light_blue_bed","functions": [{"function": "set_count","count": {"min": 1,"max": 1}}]},
                {"type": "item","weight": 1,"name": "minecraft:light_blue_dye","functions": [{"function": "set_count","count": {"min": 1,"max": 1}}]},
                {"type": "item","weight": 1,"name": "minecraft:light_gray_bed","functions": [{"function": "set_count","count": {"min": 1,"max": 1}}]},
                {"type": "item","weight": 1,"name": "minecraft:light_gray_dye","functions": [{"function": "set_count","count": {"min": 1,"max": 1}}]},
                {"type": "item","weight": 1,"name": "minecraft:lime_bed","functions": [{"function": "set_count","count": {"min": 1,"max": 1}}]},
                {"type": "item","weight": 1,"name": "minecraft:lime_dye","functions": [{"function": "set_count","count": {"min": 1,"max": 1}}]},
                {"type": "item","weight": 1,"name": "minecraft:lingering_potion","functions": [{"function": "set_count","count": {"min": 1,"max": 1}}]},
                {"type": "item","weight": 1,"name": "minecraft:llama_spawn_egg","functions": [{"function": "set_count","count": {"min": 1,"max": 1}}]},
                {"type": "item","weight": 1,"name": "minecraft:magenta_bed","functions": [{"function": "set_count","count": {"min": 1,"max": 1}}]},
                {"type": "item","weight": 1,"name": "minecraft:magenta_dye","functions": [{"function": "set_count","count": {"min": 1,"max": 1}}]},
                {"type": "item","weight": 1,"name": "minecraft:magma_cream","functions": [{"function": "set_count","count": {"min": 1,"max": 1}}]},
                {"type": "item","weight": 1,"name": "minecraft:magma_cube_spawn_egg","functions": [{"function": "set_count","count": {"min": 1,"max": 1}}]},
                {"type": "item","weight": 1,"name": "minecraft:map","functions": [{"function": "set_count","count": {"min": 1,"max": 1}}]},
                {"type": "item","weight": 1,"name": "minecraft:melon_seeds","functions": [{"function": "set_count","count": {"min": 1,"max": 1}}]},
                {"type": "item","weight": 1,"name": "minecraft:melon_slice","functions": [{"function": "set_count","count": {"min": 1,"max": 1}}]},
                {"type": "item","weight": 1,"name": "minecraft:milk_bucket","functions": [{"function": "set_count","count": {"min": 1,"max": 1}}]},
                {"type": "item","weight": 1,"name": "minecraft:minecart","functions": [{"function": "set_count","count": {"min": 1,"max": 1}}]},
                {"type": "item","weight": 1,"name": "minecraft:mojang_banner_pattern","functions": [{"function": "set_count","count": {"min": 1,"max": 1}}]},
                {"type": "item","weight": 1,"name": "minecraft:mooshroom_spawn_egg","functions": [{"function": "set_count","count": {"min": 1,"max": 1}}]},
                {"type": "item","weight": 1,"name": "minecraft:mule_spawn_egg","functions": [{"function": "set_count","count": {"min": 1,"max": 1}}]},
                {"type": "item","weight": 1,"name": "minecraft:mushroom_stew","functions": [{"function": "set_count","count": {"min": 1,"max": 1}}]},
                {"type": "item","weight": 1,"name": "minecraft:music_disc_11","functions": [{"function": "set_count","count": {"min": 1,"max": 1}}]},
                {"type": "item","weight": 1,"name": "minecraft:music_disc_13","functions": [{"function": "set_count","count": {"min": 1,"max": 1}}]},
                {"type": "item","weight": 1,"name": "minecraft:music_disc_blocks","functions": [{"function": "set_count","count": {"min": 1,"max": 1}}]},
                {"type": "item","weight": 1,"name": "minecraft:music_disc_cat","functions": [{"function": "set_count","count": {"min": 1,"max": 1}}]},
                {"type": "item","weight": 1,"name": "minecraft:music_disc_chirp","functions": [{"function": "set_count","count": {"min": 1,"max": 1}}]},
                {"type": "item","weight": 1,"name": "minecraft:music_disc_far","functions": [{"function": "set_count","count": {"min": 1,"max": 1}}]},
                {"type": "item","weight": 1,"name": "minecraft:music_disc_mall","functions": [{"function": "set_count","count": {"min": 1,"max": 1}}]},
                {"type": "item","weight": 1,"name": "minecraft:music_disc_mellohi","functions": [{"function": "set_count","count": {"min": 1,"max": 1}}]},
                {"type": "item","weight": 1,"name": "minecraft:music_disc_stal","functions": [{"function": "set_count","count": {"min": 1,"max": 1}}]},
                {"type": "item","weight": 1,"name": "minecraft:music_disc_strad","functions": [{"function": "set_count","count": {"min": 1,"max": 1}}]},
                {"type": "item","weight": 1,"name": "minecraft:music_disc_wait","functions": [{"function": "set_count","count": {"min": 1,"max": 1}}]},
                {"type": "item","weight": 1,"name": "minecraft:music_disc_ward","functions": [{"function": "set_count","count": {"min": 1,"max": 1}}]},
                {"type": "item","weight": 1,"name": "minecraft:mutton","functions": [{"function": "set_count","count": {"min": 1,"max": 1}}]},
                {"type": "item","weight": 1,"name": "minecraft:name_tag","functions": [{"function": "set_count","count": {"min": 1,"max": 1}}]},
                {"type": "item","weight": 1,"name": "minecraft:nautilus_shell","functions": [{"function": "set_count","count": {"min": 1,"max": 1}}]},
                {"type": "item","weight": 1,"name": "minecraft:nether_brick","functions": [{"function": "set_count","count": {"min": 1,"max": 1}}]},
                {"type": "item","weight": 1,"name": "minecraft:nether_star","functions": [{"function": "set_count","count": {"min": 1,"max": 1}}]},
                {"type": "item","weight": 1,"name": "minecraft:nether_wart","functions": [{"function": "set_count","count": {"min": 1,"max": 1}}]},
                {"type": "item","weight": 1,"name": "minecraft:oak_boat","functions": [{"function": "set_count","count": {"min": 1,"max": 1}}]},
                {"type": "item","weight": 1,"name": "minecraft:ocelot_spawn_egg","functions": [{"function": "set_count","count": {"min": 1,"max": 1}}]},
                {"type": "item","weight": 1,"name": "minecraft:orange_bed","functions": [{"function": "set_count","count": {"min": 1,"max": 1}}]},
                {"type": "item","weight": 1,"name": "minecraft:orange_dye","functions": [{"function": "set_count","count": {"min": 1,"max": 1}}]},
                {"type": "item","weight": 1,"name": "minecraft:painting","functions": [{"function": "set_count","count": {"min": 1,"max": 1}}]},
                {"type": "item","weight": 1,"name": "minecraft:panda_spawn_egg","functions": [{"function": "set_count","count": {"min": 1,"max": 1}}]},
                {"type": "item","weight": 1,"name": "minecraft:paper","functions": [{"function": "set_count","count": {"min": 1,"max": 1}}]},
                {"type": "item","weight": 1,"name": "minecraft:parrot_spawn_egg","functions": [{"function": "set_count","count": {"min": 1,"max": 1}}]},
                {"type": "item","weight": 1,"name": "minecraft:phantom_membrane","functions": [{"function": "set_count","count": {"min": 1,"max": 1}}]},
                {"type": "item","weight": 1,"name": "minecraft:phantom_spawn_egg","functions": [{"function": "set_count","count": {"min": 1,"max": 1}}]},
                {"type": "item","weight": 1,"name": "minecraft:pig_spawn_egg","functions": [{"function": "set_count","count": {"min": 1,"max": 1}}]},
                {"type": "item","weight": 1,"name": "minecraft:pillager_spawn_egg","functions": [{"function": "set_count","count": {"min": 1,"max": 1}}]},
                {"type": "item","weight": 1,"name": "minecraft:pink_bed","functions": [{"function": "set_count","count": {"min": 1,"max": 1}}]},
                {"type": "item","weight": 1,"name": "minecraft:pink_dye","functions": [{"function": "set_count","count": {"min": 1,"max": 1}}]},
                {"type": "item","weight": 1,"name": "minecraft:player_head","functions": [{"function": "set_count","count": {"min": 1,"max": 1}}]},
                {"type": "item","weight": 1,"name": "minecraft:poisonous_potato","functions": [{"function": "set_count","count": {"min": 1,"max": 1}}]},
                {"type": "item","weight": 1,"name": "minecraft:polar_bear_spawn_egg","functions": [{"function": "set_count","count": {"min": 1,"max": 1}}]},
                {"type": "item","weight": 1,"name": "minecraft:popped_chorus_fruit","functions": [{"function": "set_count","count": {"min": 1,"max": 1}}]},
                {"type": "item","weight": 1,"name": "minecraft:porkchop","functions": [{"function": "set_count","count": {"min": 1,"max": 1}}]},
                {"type": "item","weight": 1,"name": "minecraft:potato","functions": [{"function": "set_count","count": {"min": 1,"max": 1}}]},
                {"type": "item","weight": 1,"name": "minecraft:potion","functions": [{"function": "set_count","count": {"min": 1,"max": 1}}]},
                {"type": "item","weight": 1,"name": "minecraft:pufferfish","functions": [{"function": "set_count","count": {"min": 1,"max": 1}}]},
                {"type": "item","weight": 1,"name": "minecraft:pufferfish_bucket","functions": [{"function": "set_count","count": {"min": 1,"max": 1}}]},
                {"type": "item","weight": 1,"name": "minecraft:pufferfish_spawn_egg","functions": [{"function": "set_count","count": {"min": 1,"max": 1}}]},
                {"type": "item","weight": 1,"name": "minecraft:pumpkin_pie","functions": [{"function": "set_count","count": {"min": 1,"max": 1}}]},
                {"type": "item","weight": 1,"name": "minecraft:pumpkin_seeds","functions": [{"function": "set_count","count": {"min": 1,"max": 1}}]},
                {"type": "item","weight": 1,"name": "minecraft:purple_bed","functions": [{"function": "set_count","count": {"min": 1,"max": 1}}]},
                {"type": "item","weight": 1,"name": "minecraft:purple_dye","functions": [{"function": "set_count","count": {"min": 1,"max": 1}}]},
                {"type": "item","weight": 1,"name": "minecraft:quartz","functions": [{"function": "set_count","count": {"min": 1,"max": 1}}]},
                {"type": "item","weight": 1,"name": "minecraft:rabbit","functions": [{"function": "set_count","count": {"min": 1,"max": 1}}]},
                {"type": "item","weight": 1,"name": "minecraft:rabbit_foot","functions": [{"function": "set_count","count": {"min": 1,"max": 1}}]},
                {"type": "item","weight": 1,"name": "minecraft:rabbit_hide","functions": [{"function": "set_count","count": {"min": 1,"max": 1}}]},
                {"type": "item","weight": 1,"name": "minecraft:rabbit_spawn_egg","functions": [{"function": "set_count","count": {"min": 1,"max": 1}}]},
                {"type": "item","weight": 1,"name": "minecraft:rabbit_stew","functions": [{"function": "set_count","count": {"min": 1,"max": 1}}]},
                {"type": "item","weight": 1,"name": "minecraft:ravager_spawn_egg","functions": [{"function": "set_count","count": {"min": 1,"max": 1}}]},
                {"type": "item","weight": 1,"name": "minecraft:red_bed","functions": [{"function": "set_count","count": {"min": 1,"max": 1}}]},
                {"type": "item","weight": 1,"name": "minecraft:red_dye","functions": [{"function": "set_count","count": {"min": 1,"max": 1}}]},
                {"type": "item","weight": 1,"name": "minecraft:red_mushroom","functions": [{"function": "set_count","count": {"min": 1,"max": 1}}]},
                {"type": "item","weight": 1,"name": "minecraft:redstone","functions": [{"function": "set_count","count": {"min": 1,"max": 1}}]},
                {"type": "item","weight": 1,"name": "minecraft:redstone_torch","functions": [{"function": "set_count","count": {"min": 1,"max": 1}}]},
                {"type": "item","weight": 1,"name": "minecraft:repeater","functions": [{"function": "set_count","count": {"min": 1,"max": 1}}]},
                {"type": "item","weight": 1,"name": "minecraft:rotten_flesh","functions": [{"function": "set_count","count": {"min": 1,"max": 1}}]},
                {"type": "item","weight": 1,"name": "minecraft:saddle","functions": [{"function": "set_count","count": {"min": 1,"max": 1}}]},
                {"type": "item","weight": 1,"name": "minecraft:salmon","functions": [{"function": "set_count","count": {"min": 1,"max": 1}}]},
                {"type": "item","weight": 1,"name": "minecraft:salmon_bucket","functions": [{"function": "set_count","count": {"min": 1,"max": 1}}]},
                {"type": "item","weight": 1,"name": "minecraft:salmon_spawn_egg","functions": [{"function": "set_count","count": {"min": 1,"max": 1}}]},
                {"type": "item","weight": 1,"name": "minecraft:scute","functions": [{"function": "set_count","count": {"min": 1,"max": 1}}]},
                {"type": "item","weight": 1,"name": "minecraft:shears","functions": [{"function": "set_count","count": {"min": 1,"max": 1}}]},
                {"type": "item","weight": 1,"name": "minecraft:sheep_spawn_egg","functions": [{"function": "set_count","count": {"min": 1,"max": 1}}]},
                {"type": "item","weight": 1,"name": "minecraft:shield","functions": [{"function": "set_count","count": {"min": 1,"max": 1}}]},
                {"type": "item","weight": 1,"name": "minecraft:shulker_shell","functions": [{"function": "set_count","count": {"min": 1,"max": 1}}]},
                {"type": "item","weight": 1,"name": "minecraft:shulker_spawn_egg","functions": [{"function": "set_count","count": {"min": 1,"max": 1}}]},
                {"type": "item","weight": 1,"name": "minecraft:silverfish_spawn_egg","functions": [{"function": "set_count","count": {"min": 1,"max": 1}}]},
                {"type": "item","weight": 1,"name": "minecraft:skeleton_horse_spawn_egg","functions": [{"function": "set_count","count": {"min": 1,"max": 1}}]},
                {"type": "item","weight": 1,"name": "minecraft:skeleton_skull","functions": [{"function": "set_count","count": {"min": 1,"max": 1}}]},
                {"type": "item","weight": 1,"name": "minecraft:skeleton_spawn_egg","functions": [{"function": "set_count","count": {"min": 1,"max": 1}}]},
                {"type": "item","weight": 1,"name": "minecraft:skull_banner_pattern","functions": [{"function": "set_count","count": {"min": 1,"max": 1}}]},
                {"type": "item","weight": 1,"name": "minecraft:slime_ball","functions": [{"function": "set_count","count": {"min": 1,"max": 1}}]},
                {"type": "item","weight": 1,"name": "minecraft:slime_spawn_egg","functions": [{"function": "set_count","count": {"min": 1,"max": 1}}]},
                {"type": "item","weight": 1,"name": "minecraft:snowball","functions": [{"function": "set_count","count": {"min": 1,"max": 1}}]},
                {"type": "item","weight": 1,"name": "minecraft:spectral_arrow","functions": [{"function": "set_count","count": {"min": 1,"max": 1}}]},
                {"type": "item","weight": 1,"name": "minecraft:spider_eye","functions": [{"function": "set_count","count": {"min": 1,"max": 1}}]},
                {"type": "item","weight": 1,"name": "minecraft:spider_spawn_egg","functions": [{"function": "set_count","count": {"min": 1,"max": 1}}]},
                {"type": "item","weight": 1,"name": "minecraft:splash_potion","functions": [{"function": "set_count","count": {"min": 1,"max": 1}}]},
                {"type": "item","weight": 1,"name": "minecraft:spruce_boat","functions": [{"function": "set_count","count": {"min": 1,"max": 1}}]},
                {"type": "item","weight": 1,"name": "minecraft:squid_spawn_egg","functions": [{"function": "set_count","count": {"min": 1,"max": 1}}]},
                {"type": "item","weight": 1,"name": "minecraft:stick","functions": [{"function": "set_count","count": {"min": 1,"max": 1}}]},
                {"type": "item","weight": 1,"name": "minecraft:stone_axe","functions": [{"function": "set_count","count": {"min": 1,"max": 1}}]},
                {"type": "item","weight": 1,"name": "minecraft:stone_hoe","functions": [{"function": "set_count","count": {"min": 1,"max": 1}}]},
                {"type": "item","weight": 1,"name": "minecraft:stone_pickaxe","functions": [{"function": "set_count","count": {"min": 1,"max": 1}}]},
                {"type": "item","weight": 1,"name": "minecraft:stone_shovel","functions": [{"function": "set_count","count": {"min": 1,"max": 1}}]},
                {"type": "item","weight": 1,"name": "minecraft:stone_slab","functions": [{"function": "set_count","count": {"min": 1,"max": 1}}]},
                {"type": "item","weight": 1,"name": "minecraft:stone_sword","functions": [{"function": "set_count","count": {"min": 1,"max": 1}}]},
                {"type": "item","weight": 1,"name": "minecraft:stray_spawn_egg","functions": [{"function": "set_count","count": {"min": 1,"max": 1}}]},
                {"type": "item","weight": 1,"name": "minecraft:string","functions": [{"function": "set_count","count": {"min": 1,"max": 1}}]},
                {"type": "item","weight": 1,"name": "minecraft:sugar","functions": [{"function": "set_count","count": {"min": 1,"max": 1}}]},
                {"type": "item","weight": 1,"name": "minecraft:suspicious_stew","functions": [{"function": "set_count","count": {"min": 1,"max": 1}}]},
                {"type": "item","weight": 1,"name": "minecraft:sweet_berries","functions": [{"function": "set_count","count": {"min": 1,"max": 1}}]},
                {"type": "item","weight": 1,"name": "minecraft:tipped_arrow","functions": [{"function": "set_count","count": {"min": 1,"max": 1}}]},
                {"type": "item","weight": 1,"name": "minecraft:tnt_minecart","functions": [{"function": "set_count","count": {"min": 1,"max": 1}}]},
                {"type": "item","weight": 1,"name": "minecraft:torch","functions": [{"function": "set_count","count": {"min": 1,"max": 1}}]},
                {"type": "item","weight": 1,"name": "minecraft:totem_of_undying","functions": [{"function": "set_count","count": {"min": 1,"max": 1}}]},
                {"type": "item","weight": 1,"name": "minecraft:trader_llama_spawn_egg","functions": [{"function": "set_count","count": {"min": 1,"max": 1}}]},
                {"type": "item","weight": 1,"name": "minecraft:trident","functions": [{"function": "set_count","count": {"min": 1,"max": 1}}]},
                {"type": "item","weight": 1,"name": "minecraft:tropical_fish","functions": [{"function": "set_count","count": {"min": 1,"max": 1}}]},
                {"type": "item","weight": 1,"name": "minecraft:tropical_fish_bucket","functions": [{"function": "set_count","count": {"min": 1,"max": 1}}]},
                {"type": "item","weight": 1,"name": "minecraft:tropical_fish_spawn_egg","functions": [{"function": "set_count","count": {"min": 1,"max": 1}}]},
                {"type": "item","weight": 1,"name": "minecraft:turtle_helmet","functions": [{"function": "set_count","count": {"min": 1,"max": 1}}]},
                {"type": "item","weight": 1,"name": "minecraft:turtle_spawn_egg","functions": [{"function": "set_count","count": {"min": 1,"max": 1}}]},
                {"type": "item","weight": 1,"name": "minecraft:vex_spawn_egg","functions": [{"function": "set_count","count": {"min": 1,"max": 1}}]},
                {"type": "item","weight": 1,"name": "minecraft:villager_spawn_egg","functions": [{"function": "set_count","count": {"min": 1,"max": 1}}]},
                {"type": "item","weight": 1,"name": "minecraft:vindicator_spawn_egg","functions": [{"function": "set_count","count": {"min": 1,"max": 1}}]},
                {"type": "item","weight": 1,"name": "minecraft:wandering_trader_spawn_egg","functions": [{"function": "set_count","count": {"min": 1,"max": 1}}]},
                {"type": "item","weight": 1,"name": "minecraft:water_bucket","functions": [{"function": "set_count","count": {"min": 1,"max": 1}}]},
                {"type": "item","weight": 1,"name": "minecraft:wheat_seeds","functions": [{"function": "set_count","count": {"min": 1,"max": 1}}]},
                {"type": "item","weight": 1,"name": "minecraft:white_bed","functions": [{"function": "set_count","count": {"min": 1,"max": 1}}]},
                {"type": "item","weight": 1,"name": "minecraft:white_dye","functions": [{"function": "set_count","count": {"min": 1,"max": 1}}]},
                {"type": "item","weight": 1,"name": "minecraft:witch_spawn_egg","functions": [{"function": "set_count","count": {"min": 1,"max": 1}}]},
                {"type": "item","weight": 1,"name": "minecraft:wither_skeleton_spawn_egg","functions": [{"function": "set_count","count": {"min": 1,"max": 1}}]},
                {"type": "item","weight": 1,"name": "minecraft:wolf_spawn_egg","functions": [{"function": "set_count","count": {"min": 1,"max": 1}}]},
                {"type": "item","weight": 1,"name": "minecraft:wooden_axe","functions": [{"function": "set_count","count": {"min": 1,"max": 1}}]},
                {"type": "item","weight": 1,"name": "minecraft:wooden_hoe","functions": [{"function": "set_count","count": {"min": 1,"max": 1}}]},
                {"type": "item","weight": 1,"name": "minecraft:wooden_pickaxe","functions": [{"function": "set_count","count": {"min": 1,"max": 1}}]},
                {"type": "item","weight": 1,"name": "minecraft:wooden_shovel","functions": [{"function": "set_count","count": {"min": 1,"max": 1}}]},
                {"type": "item","weight": 1,"name": "minecraft:wooden_sword","functions": [{"function": "set_count","count": {"min": 1,"max": 1}}]},
                {"type": "item","weight": 1,"name": "minecraft:writable_book","functions": [{"function": "set_count","count": {"min": 1,"max": 1}}]},
                {"type": "item","weight": 1,"name": "minecraft:written_book","functions": [{"function": "set_count","count": {"min": 1,"max": 1}}]},
                {"type": "item","weight": 1,"name": "minecraft:yellow_bed","functions": [{"function": "set_count","count": {"min": 1,"max": 1}}]},
                {"type": "item","weight": 1,"name": "minecraft:yellow_dye","functions": [{"function": "set_count","count": {"min": 1,"max": 1}}]},
                {"type": "item","weight": 1,"name": "minecraft:zombie_horse_spawn_egg","functions": [{"function": "set_count","count": {"min": 1,"max": 1}}]},
                {"type": "item","weight": 1,"name": "minecraft:zombie_pigman_spawn_egg","functions": [{"function": "set_count","count": {"min": 1,"max": 1}}]},
                {"type": "item","weight": 1,"name": "minecraft:zombie_spawn_egg","functions": [{"function": "set_count","count": {"min": 1,"max": 1}}]},
                {"type": "item","weight": 1,"name": "minecraft:zombie_villager_spawn_egg","functions": [{"function": "set_count","count": {"min": 1,"max": 1}}]}
            ]
        }
    ]
}