{
    "pools": [
        {
            "rolls": 1,
            "entries": 
			[
				{"type": "item","weight": 1,"name": "music_disc_13","functions": [{"function": "set_count","count": {"min": 1,"max": 1}},{"function": "set_nbt","tag": "{Tags:[rng,rng_three,lib,zero]}"}]},
                {"type": "item","weight": 1,"name": "music_disc_13","functions": [{"function": "set_count","count": {"min": 1,"max": 1}},{"function": "set_nbt","tag": "{Tags:[rng,rng_three,lib,one]}"}]},
                {"type": "item","weight": 1,"name": "music_disc_13","functions": [{"function": "set_count","count": {"min": 1,"max": 1}},{"function": "set_nbt","tag": "{Tags:[rng,rng_three,lib,two]}"}]}
            ]
        }
    ]
}