{
  "parent": "minecraft:item/generated",
  "textures": {
    "layer0": "minecraft:item/brick"
  },

	"overrides": [
    { "predicate": { "custom_model_data": 1}, "model": "minecraft:item/customblocks/tablestypes/table21" },
    { "predicate": { "custom_model_data": 2}, "model": "minecraft:item/customblocks/tablestypes/table22" },
    { "predicate": { "custom_model_data": 3}, "model": "minecraft:item/customblocks/tablestypes/table23" },
    { "predicate": { "custom_model_data": 4}, "model": "minecraft:item/customblocks/tablestypes/table24" },
    { "predicate": { "custom_model_data": 5}, "model": "minecraft:item/customblocks/tablestypes/table31" },
    { "predicate": { "custom_model_data": 6}, "model": "minecraft:item/customblocks/tablestypes/table32" },
    { "predicate": { "custom_model_data": 7}, "model": "minecraft:item/customblocks/tablestypes/table33" },
    { "predicate": { "custom_model_data": 8}, "model": "minecraft:item/customblocks/tablestypes/table34" },
    { "predicate": { "custom_model_data": 9}, "model": "minecraft:item/customblocks/tablestypes/table4" }
  ]
}