{
  "parent": "minecraft:item/generated",
  "textures": {
    "layer0": "minecraft:item/diamond_chestplate"
	},
	"overrides": [
		{ "predicate": { "custom_model_data": 1}, "model": "item/customitems/obsidian_items/obsidian_chestplate" },
		{ "predicate": { "custom_model_data": 2}, "model": "item/customitems/emerald_items/emerald_chestplate" },
		{ "predicate": { "custom_model_data": 3}, "model": "item/customitems/ruby_items/ruby_chestplate" },
		{ "predicate": { "custom_model_data": 4}, "model": "item/customitems/mixite_items/mixite_chestplate" }
	]
}