{
  "parent": "minecraft:item/handheld",
  "textures": {
    "layer0": "minecraft:item/diamond_hoe"
	},
	"overrides": [
		{ "predicate": { "custom_model_data": 1}, "model": "item/customitems/obsidian_items/obsidian_hoe" },
		{ "predicate": { "custom_model_data": 2}, "model": "item/customitems/emerald_items/emerald_hoe" },
		{ "predicate": { "custom_model_data": 3}, "model": "item/customitems/ruby_items/ruby_hoe" },
		{ "predicate": { "custom_model_data": 4}, "model": "item/customitems/mixite_items/mixite_hoe" }
	]
}